state_name,district_name,subdistrict_name,village_name,village_code
Chhattisgarh,Balodabazar-Bhatapara,Sonakhan,Kothari,444181
Chhattisgarh,Korba,Barpali,Kothari,436434
Chhattisgarh,Manendragarh-Chirmiri-Bharatpur(M C B),Manendragarh,Kothari,431709
Gujarat,Gir Somnath,Una,Kothari,515343
Jammu And Kashmir,Doda,Doda,Kothari,4211
Jammu And Kashmir,Udhampur,Moungri,Kothari,4853
Karnataka,Bagalkote,Badami,Adagal,598748
Karnataka,Bagalkote,Badami,Agasarakoppa,598647
Karnataka,Bagalkote,Badami,Aladakatti,598713
Karnataka,Bagalkote,Badami,Alur .S.K.,598724
Karnataka,Bagalkote,Badami,Anantagiri,598769
Karnataka,Bagalkote,Badami,Anawal,598636
Karnataka,Bagalkote,Badami,Bachinagudd,598741
Karnataka,Bagalkote,Badami,Badami (Rural) *,598750
Karnataka,Bagalkote,Badami,Bandakeri,598632
Karnataka,Bagalkote,Badami,Bankaneri,598718
Karnataka,Bagalkote,Badami,Bedarabudihal,598736
Karnataka,Bagalkote,Badami,Beeranur,598726
Karnataka,Bagalkote,Badami,Belawalakoppa,598717
Karnataka,Bagalkote,Badami,Bellikindi,598641
Karnataka,Bagalkote,Badami,Belur,598766
Karnataka,Bagalkote,Badami,Bhadra Nayakan Jalihal,598740
Karnataka,Bagalkote,Badami,Budihal,598758
Karnataka,Bagalkote,Badami,Chikkamuchalagudda,598735
Karnataka,Bagalkote,Badami,Chikkanasabi,598755
Karnataka,Bagalkote,Badami,Chimmanakatti,598709
Karnataka,Bagalkote,Badami,Chinchalakatti,598654
Karnataka,Bagalkote,Badami,Chirlakoppa,598710
Karnataka,Bagalkote,Badami,Cholachagudda,598756
Karnataka,Bagalkote,Badami,Dhanakashirur,598765
Karnataka,Bagalkote,Badami,Fakeerabudihal,598643
Karnataka,Bagalkote,Badami,Ganganabudihal,598627
Karnataka,Bagalkote,Badami,Gonal,598743
Karnataka,Bagalkote,Badami,Govanaki,598746
Karnataka,Bagalkote,Badami,Govanakoppa,598727
Karnataka,Bagalkote,Badami,Gubberakoppa,598649
Karnataka,Bagalkote,Badami,Guddada Mallapur,598768
Karnataka,Bagalkote,Badami,Haganur,598723
Karnataka,Bagalkote,Badami,Halageri,598699
Karnataka,Bagalkote,Badami,Halakurki,598658
Karnataka,Bagalkote,Badami,Haligeri,598698
Karnataka,Bagalkote,Badami,Hanamaneri (G),598655
Karnataka,Bagalkote,Badami,Hanamaneri Inam,598623
Karnataka,Bagalkote,Badami,Hanamasagar,598705
Karnataka,Bagalkote,Badami,Hawalakhod,598642
Karnataka,Bagalkote,Badami,Hebballi,598732
Karnataka,Bagalkote,Badami,Hiremuchalagudda,598734
Karnataka,Bagalkote,Badami,Hirenasabi,598754
Karnataka,Bagalkote,Badami,Hoolageri,598631
Karnataka,Bagalkote,Badami,Hosakoti,598637
Karnataka,Bagalkote,Badami,Hosur,598753
Karnataka,Bagalkote,Badami,Hullikeri Inam,598657
Karnataka,Bagalkote,Badami,Jakanur,598759
Karnataka,Bagalkote,Badami,Jalageri,598634
Karnataka,Bagalkote,Badami,Jalihal,598767
Karnataka,Bagalkote,Badami,Jangawad,598640
Karnataka,Bagalkote,Badami,Kabbalageri,598749
Karnataka,Bagalkote,Badami,Kadapatti S.K,598656
Karnataka,Bagalkote,Badami,Kadarakoppa,598622
Karnataka,Bagalkote,Badami,Kagalagomba,598629
Karnataka,Bagalkote,Badami,Kainakatti,598638
Karnataka,Bagalkote,Badami,Kakanur,598708
Karnataka,Bagalkote,Badami,Kalabandakeri,598635
Karnataka,Bagalkote,Badami,Kalas,598729
Karnataka,Bagalkote,Badami,Kallapur.S.K,598706
Karnataka,Bagalkote,Badami,Karadigudda.S.A.,598702
Karnataka,Bengaluru Urban,Bengaluru South,Hongasandra,938422
Karnataka,Shivamogga,Sorab,Kothari,607660
Karnataka,Tumakuru,Gubbi,Adalagere,611765
Madhya Pradesh,Agar-Malwa,Agar,Abhaypur,472592
Madhya Pradesh,Agar-Malwa,Agar,Agar Chhawani,948264
Madhya Pradesh,Agar-Malwa,Agar,Ahir Bardiya,472509
Madhya Pradesh,Agar-Malwa,Agar,Akha Khedi,472542
Madhya Pradesh,Agar-Malwa,Agar,Akya Bhati,472633
Madhya Pradesh,Agar-Malwa,Agar,Alampura,472613
Madhya Pradesh,Agar-Malwa,Agar,Amla Agar,472503
Madhya Pradesh,Agar-Malwa,Agar,Anandpur,472609
Madhya Pradesh,Agar-Malwa,Agar,Arani,472577
Madhya Pradesh,Agar-Malwa,Agar,Arniya,472594
Madhya Pradesh,Agar-Malwa,Agar,Awar,472522
Madhya Pradesh,Agar-Malwa,Agar,Bada Beed Jagatpura,472599
Madhya Pradesh,Agar-Malwa,Agar,Badgon,472553
Madhya Pradesh,Agar-Malwa,Agar,Bajana Ka Kheda,928013
Madhya Pradesh,Agar-Malwa,Agar,Bajna,472568
Madhya Pradesh,Agar-Malwa,Agar,Bans Khedi,472517
Madhya Pradesh,Agar-Malwa,Agar,Bapcha Agar,472500
Madhya Pradesh,Agar-Malwa,Agar,Batawada,472634
Madhya Pradesh,Agar-Malwa,Agar,Bet Kheda,472515
Madhya Pradesh,Agar-Malwa,Agar,Bhachakhedi Gundi,946155
Madhya Pradesh,Agar-Malwa,Agar,Bhachakhedi Tanodiya,472551
Madhya Pradesh,Agar-Malwa,Agar,Bhadbhunji,472631
Madhya Pradesh,Agar-Malwa,Agar,Bhadka,472593
Madhya Pradesh,Agar-Malwa,Agar,Bhadwa,472554
Madhya Pradesh,Agar-Malwa,Agar,Bhanpura,472512
Madhya Pradesh,Agar-Malwa,Agar,Bhimlod (Pancharundi),472501
Madhya Pradesh,Agar-Malwa,Agar,Bhimpura Agar,472564
Madhya Pradesh,Agar-Malwa,Agar,Bhimpura Piplon,472545
Madhya Pradesh,Agar-Malwa,Agar,Bhyana,472580
Madhya Pradesh,Agar-Malwa,Agar,Bijnakhedi,472508
Madhya Pradesh,Agar-Malwa,Agar,Borkhedi,472603
Madhya Pradesh,Agar-Malwa,Agar,Buda Dugar,928017
Madhya Pradesh,Agar-Malwa,Agar,Chacha Khedi,472629
Madhya Pradesh,Agar-Malwa,Agar,Chandangaon,472628
Madhya Pradesh,Agar-Malwa,Agar,Chikali Goyal,472516
Madhya Pradesh,Agar-Malwa,Agar,Chikali Parmar,472590
Madhya Pradesh,Agar-Malwa,Agar,Daulatpur,472625
Madhya Pradesh,Agar-Malwa,Agar,Dhandheda Kanad,472598
Madhya Pradesh,Agar-Malwa,Agar,Dhoti,472523
Madhya Pradesh,Agar-Malwa,Agar,Doud Khedi,472559
Madhya Pradesh,Agar-Malwa,Agar,Dudhpura,472586
Madhya Pradesh,Agar-Malwa,Agar,Fatepur Mendki,472572
Madhya Pradesh,Agar-Malwa,Agar,Gajariya Kheda,472608
Madhya Pradesh,Agar-Malwa,Agar,Gangada Buzurg,472575
Madhya Pradesh,Agar-Malwa,Agar,Gangada Hadda,472574
Madhya Pradesh,Agar-Malwa,Agar,Gangu Khedi,472557
Madhya Pradesh,Agar-Malwa,Agar,Gata,472565
Madhya Pradesh,Agar-Malwa,Agar,Ghani Khedi,472612
Madhya Pradesh,Agar-Malwa,Agar,Ghonsali,472611
Madhya Pradesh,Agar-Malwa,Agar,Ghurasiya,472576
Madhya Pradesh,Agar-Malwa,Agar,Gujar Khedi,472617
Madhya Pradesh,Agar-Malwa,Agar,Gundi Kalan,472548
Madhya Pradesh,Agar-Malwa,Agar,Gundi Khurd,472549
Madhya Pradesh,Agar-Malwa,Agar,Guru Khedi,472520
Madhya Pradesh,Agar-Malwa,Agar,Hadai,472538
Madhya Pradesh,Agar-Malwa,Agar,Hamla Khedi,472569
Madhya Pradesh,Agar-Malwa,Agar,Hargan Khedi,472619
Madhya Pradesh,Agar-Malwa,Agar,Iklera Kanad,472607
Madhya Pradesh,Agar-Malwa,Agar,Jamuniya,472525
Madhya Pradesh,Agar-Malwa,Agar,Jassa Khedi,472626
Madhya Pradesh,Raisen,Bamhori,Kothari,484769
Madhya Pradesh,Raisen,Baraily,Kothari,484491
Maharashtra,Ahilyanagar,Akole,Aabitkhind,557293
Maharashtra,Ahilyanagar,Akole,Aagar,557238
Maharashtra,Ahilyanagar,Akole,Agastinagar,557249
Maharashtra,Ahilyanagar,Akole,Akole,557248
Maharashtra,Ahilyanagar,Akole,Ambad,557253
Maharashtra,Ahilyanagar,Akole,Ambevangan,557140
Maharashtra,Ahilyanagar,Akole,Ambhol,557282
Maharashtra,Ahilyanagar,Akole,Ambikanagar,557225
Maharashtra,Ahilyanagar,Akole,Ambit,557190
Maharashtra,Ahilyanagar,Akole,Aurangpur,557252
Maharashtra,Ahilyanagar,Akole,Babhulwandi,557134
Maharashtra,Ahilyanagar,Akole,Badgi,557315
Maharashtra,Ahilyanagar,Akole,Bahirwadi,557228
Maharashtra,Ahilyanagar,Akole,Balthan,557180
Maharashtra,Ahilyanagar,Akole,Baravwandi,557182
Maharashtra,Ahilyanagar,Akole,Bari,557127
Maharashtra,Ahilyanagar,Akole,Belapur,557311
Maharashtra,Ahilyanagar,Akole,Bhandardara,557162
Maharashtra,Ahilyanagar,Akole,Bhojadarawadi,557169
Maharashtra,Ahilyanagar,Akole,Bholewadi,557284
Maharashtra,Ahilyanagar,Akole,Bitaka,557200
Maharashtra,Ahilyanagar,Akole,Bori,557285
Maharashtra,Ahilyanagar,Akole,Bramhanwada,557309
Maharashtra,Ahilyanagar,Akole,Chaitanyapur,557312
Maharashtra,Ahilyanagar,Akole,Chandgirwadi,557198
Maharashtra,Ahilyanagar,Akole,Chand Suraj,557289
Maharashtra,Ahilyanagar,Akole,Chas,557307
Maharashtra,Ahilyanagar,Akole,Chichondi,557143
Maharashtra,Ahilyanagar,Akole,Chinchavane,557256
Maharashtra,Ahilyanagar,Akole,Chitalwedhe,557167
Maharashtra,Ahilyanagar,Akole,Dagadwadi,557211
Maharashtra,Ahilyanagar,Akole,Deogaon,557138
Maharashtra,Ahilyanagar,Akole,Deothan,557216
Maharashtra,Ahilyanagar,Akole,Dhagewadi,557267
Maharashtra,Ahilyanagar,Akole,Dhamangaon Awari,557254
Maharashtra,Ahilyanagar,Akole,Dhamangaon Pat,557259
Maharashtra,Ahilyanagar,Akole,Dhamanvan,557175
Maharashtra,Ahilyanagar,Akole,Dhokri,557224
Maharashtra,Ahilyanagar,Akole,Dhumalwadi,557250
Maharashtra,Ahilyanagar,Akole,Digambar,557136
Maharashtra,Ahilyanagar,Akole,Dodaknadi,943693
Maharashtra,Ahilyanagar,Akole,Dongargaon,557219
Maharashtra,Ahilyanagar,Akole,Dongarwadi,557133
Maharashtra,Ahilyanagar,Akole,Ekdare,557199
Maharashtra,Ahilyanagar,Akole,Esarthav,557300
Maharashtra,Ahilyanagar,Akole,Ganore,557220
Maharashtra,Ahilyanagar,Akole,Gardani,557223
Maharashtra,Ahilyanagar,Akole,Garwadi,557304
Maharashtra,Ahilyanagar,Akole,Ghatghar,557148
Maharashtra,Ahilyanagar,Akole,Ghodsarwadi,557206
Maharashtra,Ahilyanagar,Akole,Ghoti,557270
Maharashtra,Ahilyanagar,Akole,Godewadi,557303
Maharashtra,Ahilyanagar,Akole,Gondoshi,557183
Maharashtra,Ahilyanagar,Akole,Guhire,557161
Maharashtra,Ahilyanagar,Akole,Hivargaon,557218
Maharashtra,Ahilyanagar,Akole,Indori,557234
Maharashtra,Ahilyanagar,Akole,Jachakwadi,557316
Maharashtra,Ahilyanagar,Akole,Jahagirdarwadi,557128
Maharashtra,Ahilyanagar,Akole,Jambhale,557313
Maharashtra,Ahilyanagar,Akole,Jamgaon,557171
Maharashtra,Akola,Akola,Kothari,530085
Maharashtra,Chandrapur,Ballarpur,Kothari,541546
Maharashtra,Gadchiroli,Chamorshi,Kothari,539367
Maharashtra,Gadchiroli,Etapalli,Kothari,539539
Maharashtra,Gadchiroli,Mulchera,Kothari,539482
Maharashtra,Hingoli,Vasmath,Kothari,546342
Maharashtra,Washim,Mangrulpir,Kothari,530775
Maharashtra,Yavatmal,Mahagaon,Kothari,543160
Rajasthan,Ajmer,Ajmer,Aagla Kankar,946426
Rajasthan,Ajmer,Ajmer,Aakhari,91571
Rajasthan,Ajmer,Ajmer,Ajaysar,91603
Rajasthan,Ajmer,Ajmer,Amba,946427
Rajasthan,Ajmer,Ajmer,Amba Maseena,91628
Rajasthan,Ajmer,Ajmer,Aradka,91564
Rajasthan,Ajmer,Ajmer,Babayacha,91556
Rajasthan,Ajmer,Ajmer,Badganv,91625
Rajasthan,Ajmer,Ajmer,Badiya Ka Bala,91637
Rajasthan,Ajmer,Ajmer,Badlya (Ct),91642
Rajasthan,Ajmer,Ajmer,Baghpura,91565
Rajasthan,Ajmer,Ajmer,Balwanta,91623
Rajasthan,Ajmer,Ajmer,Beer,91618
Rajasthan,Ajmer,Ajmer,Bhanwta,91629
Rajasthan,Ajmer,Ajmer,Bhawani Khera,91567
Rajasthan,Ajmer,Ajmer,Bhudol,91580
Rajasthan,Ajmer,Ajmer,Boraj-Kazipura (Ct),91641
Rajasthan,Ajmer,Ajmer,Bubani,91575
Rajasthan,Ajmer,Ajmer,Chachiyawas,91585
Rajasthan,Ajmer,Ajmer,Chandiyawas,91583
Rajasthan,Ajmer,Ajmer,Chandwala,946428
Rajasthan,Ajmer,Ajmer,Chersiyavas,954088
Rajasthan,Ajmer,Ajmer,Chhatadi,91584
Rajasthan,Ajmer,Ajmer,Daali,946429
Rajasthan,Ajmer,Ajmer,Daang Saraadhana,946921
Rajasthan,Ajmer,Ajmer,Danta,91621
Rajasthan,Ajmer,Ajmer,Danta,91572
Rajasthan,Ajmer,Ajmer,Daurai (Rural),91626
Rajasthan,Ajmer,Ajmer,Dedula,91636
Rajasthan,Ajmer,Ajmer,Dumada,91627
Tamil Nadu,Ariyalur,Andimadam,Alagapuram,636338
Tamil Nadu,Ariyalur,Andimadam,Andimadam,636343
Tamil Nadu,Ariyalur,Andimadam,Anikudichan (North),636353
Tamil Nadu,Ariyalur,Andimadam,Anikudichan (South),636354
Tamil Nadu,Ariyalur,Andimadam,Authukurichi,636334
Tamil Nadu,Ariyalur,Andimadam,Ayyur,636342
Tamil Nadu,Ariyalur,Andimadam,Ayyur (Kanguli) R.F,636430
Tamil Nadu,Ariyalur,Andimadam,Ayyur Rf,636429
Tamil Nadu,Ariyalur,Andimadam,Devanur,636363
Tamil Nadu,Ariyalur,Andimadam,Edaayankurichi,636341
Tamil Nadu,Ariyalur,Andimadam,Elaiyur (East),636380
Tamil Nadu,Ariyalur,Andimadam,Elaiyur (West),636379
Tamil Nadu,Ariyalur,Andimadam,Kattathur (North),636357
Tamil Nadu,Ariyalur,Andimadam,Kattathur (South),636358
Tamil Nadu,Ariyalur,Andimadam,Kodukkur,636360
Tamil Nadu,Ariyalur,Andimadam,Koovathur (North),636355
Tamil Nadu,Ariyalur,Andimadam,Koovathur Rf,636431
Tamil Nadu,Ariyalur,Andimadam,Koovathur (South),636356
Tamil Nadu,Ariyalur,Andimadam,Kuvagam,636359
Tamil Nadu,Ariyalur,Andimadam,Kuvagam Rf,636433
Tamil Nadu,Ariyalur,Andimadam,Marudur,636361
Tamil Nadu,Ariyalur,Andimadam,Melur,636364
Tamil Nadu,Ariyalur,Andimadam,Melur Devanur Rf,636432
Tamil Nadu,Ariyalur,Andimadam,Mudukulam R.F,636428
Tamil Nadu,Ariyalur,Andimadam,Olaiyur,636333
Tamil Nadu,Ariyalur,Andimadam,Periakrishnapuram,636346
Tamil Nadu,Ariyalur,Andimadam,Rangiyam,636336
Tamil Nadu,Ariyalur,Andimadam,Silumbur (North),636339
Tamil Nadu,Ariyalur,Andimadam,Silumbur (South),636340
Tamil Nadu,Ariyalur,Andimadam,Siluvaicheri,636337
Tamil Nadu,Sivaganga,Karaikkudi,Kothari,640066
Uttar Pradesh,Agra,Agra,Abhaypura,124607
Uttar Pradesh,Agra,Agra,Akbarpur,124649
Uttar Pradesh,Agra,Agra,Akola,124618
Uttar Pradesh,Agra,Agra,Albatia,124602
Uttar Pradesh,Agra,Agra,Anguthi,124591
Uttar Pradesh,Agra,Agra,Artauni (Ct),124689
Uttar Pradesh,Agra,Agra,Azizpur (Ct),124697
Uttar Pradesh,Agra,Agra,Babarpur Ehtmali,124579
Uttar Pradesh,Agra,Agra,Babarpur Mustkil,124580
Uttar Pradesh,Agra,Agra,Bad,124626
Uttar Pradesh,Agra,Agra,Bagda,124634
Uttar Pradesh,Agra,Agra,Bahenta,124645
Uttar Pradesh,Agra,Agra,Bain Khera,124612
Uttar Pradesh,Agra,Agra,Bainpur Mustkil,124575
Uttar Pradesh,Agra,Agra,Baipur Ehtmali,124578
Uttar Pradesh,Agra,Agra,Bajhera,124644
Uttar Pradesh,Agra,Agra,Balhera,124606
Uttar Pradesh,Agra,Agra,Bamrauli Ahir,124604
Uttar Pradesh,Agra,Agra,Bamrauli Katara,124661
Uttar Pradesh,Agra,Agra,Barara,124599
Uttar Pradesh,Agra,Agra,Barauli Ahir,124635
Uttar Pradesh,Agra,Agra,Barauli Gujar,124682
Uttar Pradesh,Agra,Agra,Basai,124665
Uttar Pradesh,Agra,Agra,Basai Mushatkil Chungi Andar,940818
Uttar Pradesh,Agra,Agra,Basua Nagla,124600
Uttar Pradesh,Agra,Agra,Bhahai,124623
Uttar Pradesh,Agra,Agra,Bhandai,124620
Uttar Pradesh,Agra,Agra,Bhogipura,940819
Uttar Pradesh,Agra,Agra,Bichpuri,124588
Uttar Pradesh,Agra,Agra,Bijhamai,124664
Uttar Pradesh,Agra,Agra,Bilahani,124679
Uttar Pradesh,Agra,Agra,Bisarna,124687
Uttar Pradesh,Agra,Agra,Bishara Kalan,124646
Uttar Pradesh,Agra,Agra,Bishari Bhand,124683
Uttar Pradesh,Agra,Agra,Bodla,940820
Uttar Pradesh,Agra,Agra,Brahmnagar,124650
Uttar Pradesh,Agra,Agra,Budhana Ehtmali,124667
Uttar Pradesh,Agra,Agra,Budhana Mustkil,124668
Uttar Pradesh,Agra,Agra,Budhera,124660
Uttar Pradesh,Agra,Agra,Chak Abbal,940821
Uttar Pradesh,Agra,Agra,Chak Chahram,940822
Uttar Pradesh,Agra,Agra,Chak Doyam,940823
Uttar Pradesh,Agra,Agra,Chak Hafatam,940824
Uttar Pradesh,Agra,Agra,Chak Pancham,940825
Uttar Pradesh,Agra,Agra,Chak Sheesham,940826
Uttar Pradesh,Agra,Agra,Chak Shoyam,940827
Uttar Pradesh,Agra,Agra,Chak Vi Chor Nagaria,124632
Uttar Pradesh,Agra,Agra,Chamrauli,124633
Uttar Pradesh,Agra,Agra,Chauhatna,124589
Uttar Pradesh,Agra,Agra,Chawali,940828
Uttar Pradesh,Agra,Agra,Dehtora (Ct),124690
Uttar Pradesh,Agra,Agra,Deoretha (Ct),124693
Uttar Pradesh,Agra,Agra,Deori,124642
Uttar Pradesh,Agra,Agra,Dhadhupura Chungi Andar,940829
Uttar Pradesh,Agra,Agra,Dhamota,124688
Uttar Pradesh,Agra,Agra,Dhanauli (Ct),124698
Uttar Pradesh,Agra,Agra,Digner,124648
Uttar Pradesh,Agra,Agra,Etmadpur Madra,124673
Uttar Pradesh,Agra,Agra,Gailana Ehatmali,940830
Uttar Pradesh,Agra,Agra,Gailana Mushatkil,940831
Uttar Pradesh,Jaunpur,Machhlishahr,Kothari,201383
